id,title,genres
0,Toy Story (1995),Adventure|Animation|Children|Comedy|Fantasy
1,Jumanji (1995),Adventure|Children|Fantasy
2,Grumpier Old Men (1995),Comedy|Romance
3,Waiting to Exhale (1995),Comedy|Drama|Romance
4,Father of the Bride Part II (1995),Comedy
5,Heat (1995),Action|Crime|Thriller
6,Sabrina (1995),Comedy|Romance
7,Tom and Huck (1995),Adventure|Children
8,Sudden Death (1995),Action
9,GoldenEye (1995),Action|Adventure|Thriller
10,"American President, The (1995)",Comedy|Drama|Romance
11,Dracula: Dead and Loving It (1995),Comedy|Horror
12,Balto (1995),Adventure|Animation|Children
13,Nixon (1995),Drama
14,Cutthroat Island (1995),Action|Adventure|Romance
15,Casino (1995),Crime|Drama
16,Sense and Sensibility (1995),Drama|Romance
17,Four Rooms (1995),Comedy
18,Ace Ventura: When Nature Calls (1995),Comedy
19,Money Train (1995),Action|Comedy|Crime|Drama|Thriller
20,Get Shorty (1995),Comedy|Crime|Thriller
21,Copycat (1995),Crime|Drama|Horror|Mystery|Thriller
22,Assassins (1995),Action|Crime|Thriller
23,Powder (1995),Drama|Sci-Fi
24,Leaving Las Vegas (1995),Drama|Romance
25,Othello (1995),Drama
26,Now and Then (1995),Children|Drama
27,Persuasion (1995),Drama|Romance
28,"City of Lost Children, The (Cité des enfants perdus, La) (1995)",Adventure|Drama|Fantasy|Mystery|Sci-Fi
29,Shanghai Triad (Yao a yao yao dao waipo qiao) (1995),Crime|Drama
30,Dangerous Minds (1995),Drama
31,Twelve Monkeys (a.k.a. 12 Monkeys) (1995),Mystery|Sci-Fi|Thriller
32,Wings of Courage (1995),Adventure|Romance|IMAX
33,Babe (1995),Children|Drama
34,Carrington (1995),Drama|Romance
35,Dead Man Walking (1995),Crime|Drama
36,Across the Sea of Time (1995),Documentary|IMAX
37,It Takes Two (1995),Children|Comedy
38,Clueless (1995),Comedy|Romance
39,"Cry, the Beloved Country (1995)",Drama
40,Richard III (1995),Drama|War
41,Dead Presidents (1995),Action|Crime|Drama
42,Restoration (1995),Drama
43,Mortal Kombat (1995),Action|Adventure|Fantasy
44,To Die For (1995),Comedy|Drama|Thriller
45,How to Make an American Quilt (1995),Drama|Romance
46,Seven (a.k.a. Se7en) (1995),Mystery|Thriller
47,Pocahontas (1995),Animation|Children|Drama|Musical|Romance
48,When Night Is Falling (1995),Drama|Romance
49,"Usual Suspects, The (1995)",Crime|Mystery|Thriller
50,Mighty Aphrodite (1995),Comedy|Drama|Romance
51,Lamerica (1994),Adventure|Drama
52,"Big Green, The (1995)",Children|Comedy
53,Georgia (1995),Drama
54,Kids of the Round Table (1995),Adventure|Children|Fantasy
55,Home for the Holidays (1995),Drama
56,"Postman, The (Postino, Il) (1994)",Comedy|Drama|Romance
57,"Confessional, The (Confessionnal, Le) (1995)",Drama|Mystery
58,"Indian in the Cupboard, The (1995)",Adventure|Children|Fantasy
59,Eye for an Eye (1996),Drama|Thriller
60,Mr. Holland's Opus (1995),Drama
61,Don't Be a Menace to South Central While Drinking Your Juice in the Hood (1996),Comedy|Crime
62,Two if by Sea (1996),Comedy|Romance
63,Bio-Dome (1996),Comedy
64,Lawnmower Man 2: Beyond Cyberspace (1996),Action|Sci-Fi|Thriller
65,Two Bits (1995),Drama
66,French Twist (Gazon maudit) (1995),Comedy|Romance
67,Friday (1995),Comedy
68,From Dusk Till Dawn (1996),Action|Comedy|Horror|Thriller
69,Fair Game (1995),Action
70,Kicking and Screaming (1995),Comedy|Drama
71,"Misérables, Les (1995)",Drama|War
72,Bed of Roses (1996),Drama|Romance
73,Big Bully (1996),Comedy|Drama
74,Screamers (1995),Action|Sci-Fi|Thriller
75,Nico Icon (1995),Documentary
76,"Crossing Guard, The (1995)",Action|Crime|Drama|Thriller
77,"Juror, The (1996)",Drama|Thriller
78,"White Balloon, The (Badkonake sefid) (1995)",Children|Drama
79,Things to Do in Denver When You're Dead (1995),Crime|Drama|Romance
80,Antonia's Line (Antonia) (1995),Comedy|Drama
81,Once Upon a Time... When We Were Colored (1995),Drama|Romance
82,Last Summer in the Hamptons (1995),Comedy|Drama
83,Angels and Insects (1995),Drama|Romance
84,White Squall (1996),Action|Adventure|Drama
85,Dunston Checks In (1996),Children|Comedy
86,Black Sheep (1996),Comedy
87,Nick of Time (1995),Action|Thriller
88,"Journey of August King, The (1995)",Drama
89,Mary Reilly (1996),Drama|Horror|Thriller
90,Vampire in Brooklyn (1995),Comedy|Horror|Romance
91,Beautiful Girls (1996),Comedy|Drama|Romance
92,Broken Arrow (1996),Action|Adventure|Thriller
93,In the Bleak Midwinter (1995),Comedy|Drama
94,"Hate (Haine, La) (1995)",Crime|Drama
95,Shopping (1994),Action|Thriller
96,Heidi Fleiss: Hollywood Madam (1995),Documentary
97,City Hall (1996),Drama|Thriller
98,Bottle Rocket (1996),Adventure|Comedy|Crime|Romance
99,Mr. Wrong (1996),Comedy
100,Unforgettable (1996),Mystery|Sci-Fi|Thriller
101,Happy Gilmore (1996),Comedy
102,"Bridges of Madison County, The (1995)",Drama|Romance
103,Nobody Loves Me (Keiner liebt mich) (1994),Comedy|Drama
104,Muppet Treasure Island (1996),Adventure|Children|Comedy|Musical
105,Catwalk (1996),Documentary
106,Braveheart (1995),Action|Drama|War
107,Taxi Driver (1976),Crime|Drama|Thriller
108,Rumble in the Bronx (Hont faan kui) (1995),Action|Adventure|Comedy|Crime
109,Before and After (1996),Drama|Mystery
110,Margaret's Museum (1995),Drama
111,Anne Frank Remembered (1995),Documentary
112,"Young Poisoner's Handbook, The (1995)",Crime|Drama
113,If Lucy Fell (1996),Comedy|Romance
114,"Steal Big, Steal Little (1995)",Comedy
115,Race the Sun (1996),Adventure|Comedy|Drama
116,"Boys of St. Vincent, The (1992)",Drama
117,Boomerang (1992),Comedy|Romance
118,Chungking Express (Chung Hing sam lam) (1994),Drama|Mystery|Romance
119,Flirting With Disaster (1996),Comedy
120,"NeverEnding Story III, The (1994)",Adventure|Children|Fantasy
121,Jupiter's Wife (1994),Documentary
122,Pie in the Sky (1996),Comedy|Romance
123,Frankie Starlight (1995),Drama|Romance
124,Jade (1995),Thriller
125,Down Periscope (1996),Comedy
126,From the Journals of Jean Seberg (1995),Documentary
127,Man of the Year (1995),Documentary
128,"Neon Bible, The (1995)",Drama
129,Up Close and Personal (1996),Drama|Romance
130,"Birdcage, The (1996)",Comedy
131,"Brothers McMullen, The (1995)",Comedy
132,Bad Boys (1995),Action|Comedy|Crime|Drama|Thriller
133,"Amazing Panda Adventure, The (1995)",Adventure|Children
134,"Basketball Diaries, The (1995)",Drama
135,"Awfully Big Adventure, An (1995)",Drama
136,Amateur (1994),Crime|Drama|Thriller
137,Apollo 13 (1995),Adventure|Drama|IMAX
138,Rob Roy (1995),Action|Drama|Romance|War
139,"Addiction, The (1995)",Drama|Horror
140,Batman Forever (1995),Action|Adventure|Comedy|Crime
141,Beauty of the Day (Belle de jour) (1967),Drama
142,Beyond Rangoon (1995),Adventure|Drama|War
143,Blue in the Face (1995),Comedy|Drama
144,Canadian Bacon (1995),Comedy|War
145,Casper (1995),Adventure|Children
146,Clockers (1995),Crime|Drama|Mystery
147,Congo (1995),Action|Adventure|Mystery|Sci-Fi
148,Crimson Tide (1995),Drama|Thriller|War
149,Crumb (1994),Documentary
150,Desperado (1995),Action|Romance|Western
151,Devil in a Blue Dress (1995),Crime|Film-Noir|Mystery|Thriller
152,Die Hard: With a Vengeance (1995),Action|Crime|Thriller
153,"Doom Generation, The (1995)",Comedy|Crime|Drama
154,Feast of July (1995),Drama
155,First Knight (1995),Action|Drama|Romance
156,Free Willy 2: The Adventure Home (1995),Adventure|Children|Drama
157,Hackers (1995),Action|Adventure|Crime|Thriller
158,Jeffrey (1995),Comedy|Drama
159,Johnny Mnemonic (1995),Action|Sci-Fi|Thriller
160,Judge Dredd (1995),Action|Crime|Sci-Fi
161,Jury Duty (1995),Comedy
162,Kids (1995),Drama
163,Living in Oblivion (1995),Comedy
164,Lord of Illusions (1995),Horror
165,Love & Human Remains (1993),Comedy|Drama
166,Mad Love (1995),Drama|Romance
167,Mallrats (1995),Comedy|Romance
168,Mighty Morphin Power Rangers: The Movie (1995),Action|Children
169,Moonlight and Valentino (1995),Drama|Romance
170,Mute Witness (1994),Comedy|Horror|Thriller
171,Nadja (1994),Drama
172,"Net, The (1995)",Action|Crime|Thriller
173,Nine Months (1995),Comedy|Romance
174,Party Girl (1995),Comedy
175,"Prophecy, The (1995)",Fantasy|Horror|Mystery
176,Reckless (1995),Comedy|Fantasy
177,Safe (1995),Thriller
178,"Scarlet Letter, The (1995)",Drama|Romance
179,"Show, The (1995)",Documentary
180,Showgirls (1995),Drama
181,Smoke (1995),Comedy|Drama
182,Something to Talk About (1995),Comedy|Drama|Romance
183,Species (1995),Horror|Sci-Fi
184,"Stars Fell on Henrietta, The (1995)",Drama
185,Strange Days (1995),Action|Crime|Drama|Mystery|Sci-Fi|Thriller
186,"Umbrellas of Cherbourg, The (Parapluies de Cherbourg, Les) (1964)",Drama|Musical|Romance
187,"Tie That Binds, The (1995)",Thriller
188,Three Wishes (1995),Drama|Fantasy
189,Total Eclipse (1995),Drama|Romance
190,"To Wong Foo, Thanks for Everything! Julie Newmar (1995)",Comedy
191,Under Siege 2: Dark Territory (1995),Action
192,Unstrung Heroes (1995),Comedy|Drama
193,Unzipped (1995),Documentary
194,"Walk in the Clouds, A (1995)",Drama|Romance
195,Waterworld (1995),Action|Adventure|Sci-Fi
196,White Man's Burden (1995),Drama
197,Wild Bill (1995),Western
198,"Browning Version, The (1994)",Drama
199,Bushwhacked (1995),Adventure|Comedy|Crime|Mystery
200,Burnt by the Sun (Utomlyonnye solntsem) (1994),Drama
201,Before the Rain (Pred dozhdot) (1994),Drama|War
202,Before Sunrise (1995),Drama|Romance
203,Billy Madison (1995),Comedy
204,"Babysitter, The (1995)",Drama|Thriller
205,Boys on the Side (1995),Comedy|Drama
206,"Cure, The (1995)",Drama
207,Castle Freak (1995),Horror
208,Circle of Friends (1995),Drama|Romance
209,Clerks (1994),Comedy
210,Don Juan DeMarco (1995),Comedy|Drama|Romance
211,Disclosure (1994),Drama|Thriller
212,Drop Zone (1994),Action|Thriller
213,Destiny Turns on the Radio (1995),Comedy
214,Death and the Maiden (1994),Drama|Thriller
215,Dolores Claiborne (1995),Drama|Thriller
216,Dumb & Dumber (Dumb and Dumber) (1994),Adventure|Comedy
217,Eat Drink Man Woman (Yin shi nan nu) (1994),Comedy|Drama|Romance
218,Exotica (1994),Drama
219,Exit to Eden (1994),Comedy
220,Ed Wood (1994),Comedy|Drama
221,French Kiss (1995),Action|Comedy|Romance
222,Forget Paris (1995),Comedy|Romance
223,Far From Home: The Adventures of Yellow Dog (1995),Adventure|Children
224,"Goofy Movie, A (1995)",Animation|Children|Comedy|Romance
225,Hideaway (1995),Thriller
226,Fluke (1995),Children|Drama
227,Farinelli: il castrato (1994),Drama|Musical
228,Gordy (1995),Children|Comedy|Fantasy
229,Gumby: The Movie (1995),Animation|Children
230,"Glass Shield, The (1994)",Crime|Drama
231,Hoop Dreams (1994),Documentary
232,Heavenly Creatures (1994),Crime|Drama
233,Houseguest (1994),Comedy
234,Immortal Beloved (1994),Drama|Romance
235,Heavyweights (Heavy Weights) (1995),Children|Comedy
236,"Hunted, The (1995)",Action
237,I.Q. (1994),Comedy|Romance
238,Interview with the Vampire: The Vampire Chronicles (1994),Drama|Horror
239,Jefferson in Paris (1995),Drama
240,"Jerky Boys, The (1995)",Comedy
241,Junior (1994),Comedy|Sci-Fi
242,Just Cause (1995),Mystery|Thriller
243,"Kid in King Arthur's Court, A (1995)",Adventure|Children|Comedy|Fantasy|Romance
244,Kiss of Death (1995),Crime|Drama|Thriller
245,Star Wars: Episode IV - A New Hope (1977),Action|Adventure|Sci-Fi
246,Little Women (1994),Drama
247,"Little Princess, A (1995)",Children|Drama
248,Ladybird Ladybird (1994),Drama
249,"Enfer, L' (1994)",Drama
250,Like Water for Chocolate (Como agua para chocolate) (1992),Drama|Fantasy|Romance
251,Legends of the Fall (1994),Drama|Romance|War|Western
252,Major Payne (1995),Comedy
253,Little Odessa (1994),Crime|Drama
254,My Crazy Life (Mi vida loca) (1993),Drama
255,Love Affair (1994),Drama|Romance
256,Losing Isaiah (1995),Drama
257,"Madness of King George, The (1994)",Comedy|Drama
258,Mary Shelley's Frankenstein (Frankenstein) (1994),Drama|Horror|Sci-Fi
259,Man of the House (1995),Comedy
260,Mixed Nuts (1994),Comedy
261,Milk Money (1994),Comedy|Romance
262,Miracle on 34th Street (1994),Drama
263,Miami Rhapsody (1995),Comedy
264,My Family (1995),Drama
265,Murder in the First (1995),Drama|Thriller
266,Nobody's Fool (1994),Comedy|Drama|Romance
267,Nell (1994),Drama
268,New Jersey Drive (1995),Crime|Drama
269,Beyond Bedlam (1993),Drama|Horror
270,Nemesis 2: Nebula (1995),Action|Sci-Fi|Thriller
271,Nina Takes a Lover (1994),Comedy|Romance
272,Natural Born Killers (1994),Action|Crime|Thriller
273,Only You (1994),Comedy|Romance
274,Once Were Warriors (1994),Crime|Drama
275,Poison Ivy II (1996),Drama|Thriller
276,Outbreak (1995),Action|Drama|Sci-Fi|Thriller
277,Léon: The Professional (a.k.a. The Professional) (Léon) (1994),Action|Crime|Drama|Thriller
278,"Perez Family, The (1995)",Comedy|Romance
279,"Pyromaniac's Love Story, A (1995)",Comedy|Romance
280,Pulp Fiction (1994),Comedy|Crime|Drama|Thriller
281,Panther (1995),Drama
282,Pushing Hands (Tui shou) (1992),Drama
283,Priest (1994),Drama
284,Quiz Show (1994),Drama
285,Picture Bride (Bijo photo) (1994),Drama|Romance
286,"Queen Margot (Reine Margot, La) (1994)",Drama|Romance
287,"Quick and the Dead, The (1995)",Action|Thriller|Western
288,Roommates (1995),Comedy|Drama
289,Ready to Wear (Pret-A-Porter) (1994),Comedy
290,Three Colors: Red (Trois couleurs: Rouge) (1994),Drama
291,Three Colors: Blue (Trois couleurs: Bleu) (1993),Drama
292,Three Colors: White (Trzy kolory: Bialy) (1994),Comedy|Drama
293,"Red Firecracker, Green Firecracker (Pao Da Shuang Deng) (1994)",Drama
294,Rent-a-Kid (1995),Comedy
295,Relative Fear (1994),Horror|Thriller
296,Stuart Saves His Family (1995),Comedy
297,"Swan Princess, The (1994)",Animation|Children
298,"Secret of Roan Inish, The (1994)",Children|Drama|Fantasy|Mystery
299,"Specialist, The (1994)",Action|Drama|Thriller
300,Stargate (1994),Action|Adventure|Sci-Fi
301,"Santa Clause, The (1994)",Comedy|Drama|Fantasy
302,"Shawshank Redemption, The (1994)",Crime|Drama
303,Shallow Grave (1994),Comedy|Drama|Thriller
304,Suture (1993),Film-Noir|Thriller
305,Strawberry and Chocolate (Fresa y chocolate) (1993),Drama
306,Swimming with Sharks (1995),Comedy|Drama
307,"Sum of Us, The (1994)",Comedy|Drama
308,National Lampoon's Senior Trip (1995),Comedy
309,To Live (Huozhe) (1994),Drama
310,Tank Girl (1995),Action|Comedy|Sci-Fi
311,Tales from the Crypt Presents: Demon Knight (1995),Horror|Thriller
312,Star Trek: Generations (1994),Adventure|Drama|Sci-Fi
313,Tales from the Hood (1995),Action|Crime|Horror
314,Tom & Viv (1994),Drama
315,Village of the Damned (1995),Horror|Sci-Fi
316,Tommy Boy (1995),Comedy
317,Vanya on 42nd Street (1994),Drama
318,Underneath (1995),Mystery|Thriller
319,What's Eating Gilbert Grape (1993),Drama
320,Virtuosity (1995),Action|Sci-Fi|Thriller
321,While You Were Sleeping (1995),Comedy|Romance
322,"War, The (1994)",Adventure|Drama|War
323,Double Happiness (1994),Drama
324,Muriel's Wedding (1994),Comedy
325,"Baby-Sitters Club, The (1995)",Children
326,Ace Ventura: Pet Detective (1994),Comedy
327,"Adventures of Priscilla, Queen of the Desert, The (1994)",Comedy|Drama
328,Backbeat (1993),Drama|Musical
329,Bitter Moon (1992),Drama|Film-Noir|Romance
330,Bullets Over Broadway (1994),Comedy
331,Clear and Present Danger (1994),Action|Crime|Drama|Thriller
332,"Client, The (1994)",Drama|Mystery|Thriller
333,"Corrina, Corrina (1994)",Comedy|Drama|Romance
334,Crooklyn (1994),Comedy|Drama
335,"Crow, The (1994)",Action|Crime|Fantasy|Thriller
336,Cobb (1994),Drama
337,"Flintstones, The (1994)",Children|Comedy|Fantasy
338,Forrest Gump (1994),Comedy|Drama|Romance|War
339,Four Weddings and a Funeral (1994),Comedy|Romance
340,Higher Learning (1995),Drama
341,I Like It Like That (1994),Comedy|Drama|Romance
342,I Love Trouble (1994),Action|Comedy
343,It Could Happen to You (1994),Comedy|Drama|Romance
344,"Jungle Book, The (1994)",Adventure|Children|Romance
345,"Wonderful, Horrible Life of Leni Riefenstahl, The (Macht der Bilder: Leni Riefenstahl, Die) (1993)",Documentary
346,"Lion King, The (1994)",Adventure|Animation|Children|Drama|Musical|IMAX
347,Little Buddha (1993),Drama
348,"Wes Craven's New Nightmare (Nightmare on Elm Street Part 7: Freddy's Finale, A) (1994)",Drama|Horror|Mystery|Thriller
349,"Mask, The (1994)",Action|Comedy|Crime|Fantasy
350,Maverick (1994),Adventure|Comedy|Western
351,Mrs. Parker and the Vicious Circle (1994),Drama
352,Naked Gun 33 1/3: The Final Insult (1994),Action|Comedy
353,"Paper, The (1994)",Comedy|Drama
354,Reality Bites (1994),Comedy|Drama|Romance
355,Red Rock West (1992),Thriller
356,Richie Rich (1994),Children|Comedy
357,Safe Passage (1994),Drama
358,"River Wild, The (1994)",Action|Thriller
359,Speed (1994),Action|Romance|Thriller
360,Speechless (1994),Comedy|Romance
361,Timecop (1994),Action|Sci-Fi|Thriller
362,True Lies (1994),Action|Adventure|Comedy|Romance|Thriller
363,When a Man Loves a Woman (1994),Drama|Romance
364,Wolf (1994),Drama|Horror|Romance|Thriller
365,Wyatt Earp (1994),Western
366,Bad Company (1995),Action|Crime|Drama
367,"Man of No Importance, A (1994)",Drama
368,S.F.W. (1994),Drama
369,"Low Down Dirty Shame, A (1994)",Action|Comedy
370,Boys Life (1995),Drama
371,"Colonel Chabert, Le (1994)",Drama|Romance|War
372,Faster Pussycat! Kill! Kill! (1965),Action|Crime|Drama
373,Jason's Lyric (1994),Crime|Drama
374,"Secret Adventures of Tom Thumb, The (1993)",Adventure|Animation
375,Street Fighter (1994),Action|Adventure|Fantasy
376,Coldblooded (1995),Comedy
377,"Fear, The (1995)",Horror
378,Frank and Ollie (1995),Documentary
379,Open Season (1996),Comedy
380,Highlander III: The Sorcerer (a.k.a. Highlander: The Final Dimension) (1994),Action|Fantasy
381,Federal Hill (1994),Drama
382,In the Mouth of Madness (1995),Horror|Thriller
383,8 Seconds (1994),Drama
384,Above the Rim (1994),Crime|Drama
385,Addams Family Values (1993),Children|Comedy|Fantasy
386,Martin Lawrence: You So Crazy (1994),Comedy|Documentary
387,"Age of Innocence, The (1993)",Drama
388,Airheads (1994),Comedy
389,"Air Up There, The (1994)",Comedy
390,Another Stakeout (1993),Comedy|Thriller
391,Bad Girls (1994),Western
392,Barcelona (1994),Comedy|Romance
393,Being Human (1993),Drama
394,"Beverly Hillbillies, The (1993)",Comedy
395,Beverly Hills Cop III (1994),Action|Comedy|Crime|Thriller
396,Black Beauty (1994),Adventure|Children|Drama
397,Blink (1994),Thriller
398,Blown Away (1994),Action|Thriller
399,Blue Chips (1994),Drama
400,Blue Sky (1994),Drama|Romance
401,Body Snatchers (1993),Horror|Sci-Fi|Thriller
402,Boxing Helena (1993),Drama|Mystery|Romance|Thriller
403,"Bronx Tale, A (1993)",Drama
404,Cabin Boy (1994),Comedy
405,Calendar Girl (1993),Comedy|Drama
406,Carlito's Way (1993),Crime|Drama
407,City Slickers II: The Legend of Curly's Gold (1994),Adventure|Comedy|Western
408,Clean Slate (1994),Comedy
409,Cliffhanger (1993),Action|Adventure|Thriller
410,Coneheads (1993),Comedy|Sci-Fi
411,Color of Night (1994),Drama|Thriller
412,Cops and Robbersons (1994),Comedy
413,"Cowboy Way, The (1994)",Action|Comedy|Drama
414,Dangerous Game (1993),Drama
415,Dave (1993),Comedy|Romance
416,Dazed and Confused (1993),Comedy
417,Demolition Man (1993),Action|Adventure|Sci-Fi
418,"Endless Summer 2, The (1994)",Adventure|Documentary
419,Even Cowgirls Get the Blues (1993),Comedy|Romance
420,Fatal Instinct (1993),Comedy
421,Farewell My Concubine (Ba wang bie ji) (1993),Drama|Romance
422,"Favor, The (1994)",Comedy|Romance
423,Fearless (1993),Drama
424,Fear of a Black Hat (1994),Comedy
425,With Honors (1994),Comedy|Drama
426,Flesh and Bone (1993),Drama|Mystery|Romance
427,Widows' Peak (1994),Drama
428,For Love or Money (1993),Comedy|Romance
429,"Firm, The (1993)",Drama|Thriller
430,Free Willy (1993),Adventure|Children|Drama
431,Fresh (1994),Crime|Drama|Thriller
432,"Fugitive, The (1993)",Thriller
433,Geronimo: An American Legend (1993),Drama|Western
434,"Getaway, The (1994)",Action|Adventure|Crime|Drama|Romance|Thriller
435,Getting Even with Dad (1994),Comedy
436,Go Fish (1994),Drama|Romance
437,"Good Man in Africa, A (1994)",Action|Adventure
438,Guilty as Sin (1993),Crime|Drama|Thriller
439,Hard Target (1993),Action|Adventure|Crime|Thriller
440,Heaven & Earth (1993),Action|Drama|War
441,Hot Shots! Part Deux (1993),Action|Comedy|War
442,Live Nude Girls (1995),Comedy
443,"Englishman Who Went Up a Hill But Came Down a Mountain, The (1995)",Comedy|Romance
444,"House of the Spirits, The (1993)",Drama|Romance
445,House Party 3 (1994),Comedy
446,"Hudsucker Proxy, The (1994)",Comedy
447,I'll Do Anything (1994),Comedy|Drama
448,In the Army Now (1994),Comedy|War
449,In the Line of Fire (1993),Action|Thriller
450,In the Name of the Father (1993),Drama
451,"Inkwell, The (1994)",Comedy|Drama
452,What's Love Got to Do with It? (1993),Drama|Musical
453,Jimmy Hollywood (1994),Comedy|Crime|Drama
454,Judgment Night (1993),Action|Crime|Thriller
455,Jurassic Park (1993),Action|Adventure|Sci-Fi|Thriller
456,Kalifornia (1993),Drama|Thriller
457,Killing Zoe (1994),Crime|Drama|Thriller
458,King of the Hill (1993),Drama
459,Lassie (1994),Adventure|Children
460,Last Action Hero (1993),Action|Adventure|Comedy|Fantasy
461,Life with Mikey (1993),Comedy
462,Lightning Jack (1994),Comedy|Western
463,M. Butterfly (1993),Drama|Romance
464,Made in America (1993),Comedy
465,Malice (1993),Thriller
466,"Man Without a Face, The (1993)",Drama
467,Manhattan Murder Mystery (1993),Comedy|Mystery
468,Menace II Society (1993),Action|Crime|Drama
469,Executive Decision (1996),Action|Adventure|Thriller
470,In the Realm of the Senses (Ai no corrida) (1976),Drama
471,What Happened Was... (1994),Comedy|Drama|Romance|Thriller
472,Much Ado About Nothing (1993),Comedy|Romance
473,Mr. Jones (1993),Drama|Romance
474,Mr. Wonderful (1993),Comedy|Romance
475,Mrs. Doubtfire (1993),Comedy|Drama
476,Naked (1993),Drama
477,"Next Karate Kid, The (1994)",Action|Children|Romance
478,"New Age, The (1994)",Drama
479,No Escape (1994),Action|Drama|Sci-Fi
480,North (1994),Comedy
481,Orlando (1992),Drama|Fantasy|Romance
482,"Perfect World, A (1993)",Crime|Drama|Thriller
483,Philadelphia (1993),Drama
484,"Piano, The (1993)",Drama|Romance
485,Poetic Justice (1993),Drama
486,"Program, The (1993)",Action|Drama
487,"Puppet Masters, The (1994)",Horror|Sci-Fi
488,Radioland Murders (1994),Comedy|Mystery|Romance
489,"Ref, The (1994)",Comedy
490,"Remains of the Day, The (1993)",Drama|Romance
491,Renaissance Man (1994),Comedy|Drama
492,Rising Sun (1993),Action|Drama|Mystery
493,"Road to Wellville, The (1994)",Comedy
494,RoboCop 3 (1993),Action|Crime|Drama|Sci-Fi|Thriller
495,Robin Hood: Men in Tights (1993),Comedy
496,Romeo Is Bleeding (1993),Crime|Thriller
497,Romper Stomper (1992),Action|Drama
498,Ruby in Paradise (1993),Drama
499,Rudy (1993),Drama
500,"Saint of Fort Washington, The (1993)",Drama
501,"Savage Nights (Nuits fauves, Les) (1992)",Drama
502,Schindler's List (1993),Drama|War
503,"Scout, The (1994)",Comedy|Drama
504,Searching for Bobby Fischer (1993),Drama
505,"Secret Garden, The (1993)",Children|Drama
506,Serial Mom (1994),Comedy|Crime|Horror
507,"Shadow, The (1994)",Action|Adventure|Fantasy|Mystery
508,Shadowlands (1993),Drama|Romance
509,Short Cuts (1993),Drama
510,"Simple Twist of Fate, A (1994)",Drama
511,Sirens (1994),Drama
512,Six Degrees of Separation (1993),Drama
513,Sleepless in Seattle (1993),Comedy|Drama|Romance
514,Sliver (1993),Thriller
515,Blade Runner (1982),Action|Sci-Fi|Thriller
516,Son in Law (1993),Comedy|Drama|Romance
517,So I Married an Axe Murderer (1993),Comedy|Romance|Thriller
518,Striking Distance (1993),Action|Crime
519,Harem (1985),Drama
520,Super Mario Bros. (1993),Action|Adventure|Children|Comedy|Fantasy|Sci-Fi
521,Surviving the Game (1994),Action|Adventure|Thriller
522,Terminal Velocity (1994),Action|Mystery|Thriller
523,Thirty-Two Short Films About Glenn Gould (1993),Drama|Musical
524,Threesome (1994),Comedy|Romance
525,"Nightmare Before Christmas, The (1993)",Animation|Children|Fantasy|Musical
526,"Three Musketeers, The (1993)",Action|Adventure|Comedy|Romance
527,Tombstone (1993),Action|Drama|Western
528,Trial by Jury (1994),Crime|Drama|Thriller
529,True Romance (1993),Crime|Thriller
530,"War Room, The (1993)",Documentary
531,"Pagemaster, The (1994)",Action|Adventure|Animation|Children|Fantasy
532,"Paris, France (1993)",Comedy
533,Killer (Bulletproof Heart) (1994),Drama|Thriller
534,Welcome to the Dollhouse (1995),Comedy|Drama
535,Germinal (1993),Drama|Romance
536,Chasers (1994),Comedy
537,Cronos (1993),Drama|Horror
538,Naked in New York (1994),Comedy|Romance
539,Bhaji on the Beach (1993),Comedy|Drama
540,Little Big League (1994),Comedy|Drama
541,"Slingshot, The (Kådisbellan) (1993)",Comedy|Drama
542,"Wedding Gift, The (1994)",Drama|Romance
543,"Ciao, Professore! (Io speriamo che me la cavo) (1992)",Drama
544,Spanking the Monkey (1994),Comedy|Drama
545,"Little Rascals, The (1994)",Children|Comedy
546,Andre (1994),Adventure|Children|Drama
547,Princess Caraboo (1994),Drama
548,"Celluloid Closet, The (1995)",Documentary
549,Métisse (Café au Lait) (1993),Comedy|Drama
550,Dear Diary (Caro Diario) (1994),Comedy|Drama
551,"Brady Bunch Movie, The (1995)",Comedy
552,Home Alone (1990),Children|Comedy
553,Ghost (1990),Comedy|Drama|Fantasy|Romance|Thriller
554,Aladdin (1992),Adventure|Animation|Children|Comedy|Musical
555,Terminator 2: Judgment Day (1991),Action|Sci-Fi
556,Dances with Wolves (1990),Adventure|Drama|Western
557,Batman (1989),Action|Crime|Thriller
558,"Silence of the Lambs, The (1991)",Crime|Horror|Thriller
559,Snow White and the Seven Dwarfs (1937),Animation|Children|Drama|Fantasy|Musical
560,Beauty and the Beast (1991),Animation|Children|Fantasy|Musical|Romance|IMAX
561,Pinocchio (1940),Animation|Children|Fantasy|Musical
562,Pretty Woman (1990),Comedy|Romance
563,Window to Paris (Okno v Parizh) (1994),Comedy|Fantasy
564,"Wild Bunch, The (1969)",Adventure|Western
565,Love and a .45 (1994),Action|Comedy|Crime
566,"Wooden Man's Bride, The (Yan shen) (1994)",Drama
567,"Great Day in Harlem, A (1994)",Documentary
568,"Bye Bye, Love (1995)",Comedy
569,One Fine Day (1996),Drama|Romance
570,Candyman: Farewell to the Flesh (1995),Fantasy|Horror
571,Fargo (1996),Comedy|Crime|Drama|Thriller
572,Homeward Bound II: Lost in San Francisco (1996),Adventure|Children
573,Heavy Metal (1981),Action|Adventure|Animation|Horror|Sci-Fi
574,Hellraiser: Bloodline (1996),Action|Horror|Sci-Fi
575,"Pallbearer, The (1996)",Comedy
576,Jane Eyre (1996),Drama|Romance
577,Loaded (1994),Drama|Thriller
578,Bread and Chocolate (Pane e cioccolata) (1973),Comedy|Drama
579,"Aristocats, The (1970)",Animation|Children
580,"Flower of My Secret, The (La flor de mi secreto) (1995)",Comedy|Drama
581,Two Much (1995),Comedy|Romance
582,Ed (1996),Comedy
583,My Favorite Season (1993),Drama
584,Condition Red (Beyond the Law) (1995),Action|Drama|Thriller
585,"Thin Line Between Love and Hate, A (1996)",Comedy
586,"Last Supper, The (1995)",Drama|Thriller
587,Primal Fear (1996),Crime|Drama|Mystery|Thriller
588,Carried Away (1996),Drama|Romance
589,All Dogs Go to Heaven 2 (1996),Adventure|Animation|Children|Fantasy|Musical|Romance
590,Land and Freedom (Tierra y libertad) (1995),Drama|War
591,Denise Calls Up (1995),Comedy
592,Theodore Rex (1995),Comedy
593,"Family Thing, A (1996)",Comedy|Drama
594,Sgt. Bilko (1996),Comedy
595,Jack and Sarah (1995),Romance
596,Girl 6 (1996),Comedy|Drama
597,Diabolique (1996),Drama|Thriller
598,"Little Indian, Big City (Un indien dans la ville) (1994)",Adventure|Children|Comedy
599,Nelly & Monsieur Arnaud (1995),Drama
600,Courage Under Fire (1996),Action|Crime|Drama|War
601,Mission: Impossible (1996),Action|Adventure|Mystery|Thriller
602,Cold Fever (Á köldum klaka) (1995),Comedy|Drama
603,Moll Flanders (1996),Drama
604,"Superweib, Das (1996)",Comedy
605,"301, 302 (301/302) (1995)",Horror|Mystery|Thriller
606,Dragonheart (1996),Action|Adventure|Fantasy
607,Eddie (1996),Comedy
608,Billy's Holiday (1995),Drama|Musical
609,Purple Noon (Plein soleil) (1960),Crime|Drama|Thriller
610,August (1996),Drama
611,James and the Giant Peach (1996),Adventure|Animation|Children|Fantasy|Musical
612,Fear (1996),Thriller
613,Kids in the Hall: Brain Candy (1996),Comedy
614,Faithful (1996),Comedy
615,Underground (1995),Comedy|Drama|War
616,All Things Fair (Lust och fägring stor) (1995),Drama|Romance|War
617,Bloodsport 2 (a.k.a. Bloodsport II: The Next Kumite) (1996),Action
618,Song of the Little Road (Pather Panchali) (1955),Drama
619,"World of Apu, The (Apur Sansar) (1959)",Drama
620,Mystery Science Theater 3000: The Movie (1996),Comedy|Sci-Fi
621,Space Jam (1996),Adventure|Animation|Children|Comedy|Fantasy|Sci-Fi
622,Barbarella (1968),Adventure|Comedy|Sci-Fi
623,Some Folks Call It a Sling Blade (1993),Drama|Thriller
624,"Run of the Country, The (1995)",Drama
625,"Alphaville (Alphaville, une étrange aventure de Lemmy Caution) (1965)",Drama|Mystery|Romance|Sci-Fi|Thriller
626,Coup de torchon (Clean Slate) (1981),Crime
627,Tigrero: A Film That Was Never Made (1994),Documentary|Drama
628,It's My Party (1996),Drama
629,Country Life (1994),Drama|Romance
630,Operation Dumbo Drop (1995),Action|Adventure|Comedy|War
631,"Promise, The (Versprechen, Das) (1995)",Drama|Romance
632,Mrs. Winterbourne (1996),Comedy|Romance
633,Solo (1996),Action|Sci-Fi|Thriller
634,"Substitute, The (1996)",Action|Crime|Drama
635,True Crime (1996),Mystery|Thriller
636,Butterfly Kiss (1995),Drama|Thriller
637,Feeling Minnesota (1996),Drama|Romance
638,Delta of Venus (1995),Drama
639,Angus (1995),Comedy
640,Daens (1992),Drama
641,Faces (1968),Drama
642,Boys (1996),Drama
643,"Quest, The (1996)",Action|Adventure
644,Cosi (1996),Comedy
645,Sunset Park (1996),Drama
646,Mulholland Falls (1996),Crime|Drama|Thriller
647,"Truth About Cats & Dogs, The (1996)",Comedy|Romance
648,Oliver & Company (1988),Adventure|Animation|Children|Comedy|Musical
649,Celtic Pride (1996),Comedy
650,Flipper (1996),Adventure|Children
651,Captives (1994),Crime|Drama|Romance|Thriller
652,Of Love and Shadows (1994),Drama
653,Dead Man (1995),Drama|Mystery|Western
654,"Horseman on the Roof, The (Hussard sur le toit, Le) (1995)",Drama|Romance
655,Switchblade Sisters (1975),Crime
656,Mouth to Mouth (Boca a boca) (1995),Comedy
657,"Visitors, The (Visiteurs, Les) (1993)",Comedy|Fantasy|Sci-Fi
658,Multiplicity (1996),Comedy
659,Wallace & Gromit: The Best of Aardman Animation (1996),Adventure|Animation|Comedy
660,"Haunted World of Edward D. Wood Jr., The (1996)",Documentary
661,"Craft, The (1996)",Drama|Fantasy|Horror|Thriller
662,"Great White Hype, The (1996)",Comedy
663,Last Dance (1996),Drama
664,Cold Comfort Farm (1995),Comedy
665,"Institute Benjamenta, or This Dream People Call Human Life (1995)",Drama
666,Heaven's Prisoners (1996),Crime|Thriller
667,Original Gangstas (1996),Crime
668,"Rock, The (1996)",Action|Adventure|Thriller
669,Getting Away With Murder (1996),Comedy
670,Cemetery Man (Dellamorte Dellamore) (1994),Horror
671,Twister (1996),Action|Adventure|Romance|Thriller
672,Barb Wire (1996),Action|Sci-Fi
673,Ghost in the Shell (Kôkaku kidôtai) (1995),Animation|Sci-Fi
674,Thinner (1996),Horror|Thriller
675,Spy Hard (1996),Comedy
676,Wallace & Gromit: A Close Shave (1995),Animation|Children|Comedy
677,Force of Evil (1948),Film-Noir
678,"Stupids, The (1996)",Comedy
679,"Arrival, The (1996)",Action|Sci-Fi|Thriller
680,Dr. Strangelove or: How I Learned to Stop Worrying and Love the Bomb (1964),Comedy|War
681,Careful (1992),Comedy|Horror
682,"Month by the Lake, A (1995)",Comedy|Drama|Romance
683,Gold Diggers: The Secret of Bear Mountain (1995),Adventure|Children
684,Kim (1950),Children|Drama
685,Carmen Miranda: Bananas Is My Business (1994),Documentary
686,Ashes of Time (Dung che sai duk) (1994),Drama
687,Maya Lin: A Strong Clear Vision (1994),Documentary
688,Stalingrad (1993),Drama|War
689,"Phantom, The (1996)",Action|Adventure
690,Striptease (1996),Comedy|Crime
691,"Last of the High Kings, The (a.k.a. Summer Fling) (1996)",Comedy|Drama
692,Heavy (1995),Drama|Romance
693,Jack (1996),Comedy|Drama
694,I Shot Andy Warhol (1996),Drama
695,"Life Is Rosy (a.k.a. Life Is Beautiful) (Vie est belle, La) (1987)",Comedy|Drama
696,Spirits of the Dead (1968),Horror|Mystery
697,Babyfever (1994),Comedy|Drama
698,Trainspotting (1996),Comedy|Crime|Drama
699,'Til There Was You (1997),Drama|Romance
700,Independence Day (a.k.a. ID4) (1996),Action|Adventure|Sci-Fi|Thriller
701,Stealing Beauty (1996),Drama
702,"Fan, The (1996)",Drama|Thriller
703,"Hunchback of Notre Dame, The (1996)",Animation|Children|Drama|Musical|Romance
704,"Cable Guy, The (1996)",Comedy|Thriller
705,Kingpin (1996),Comedy
706,Eraser (1996),Action|Drama|Thriller
707,"Gate of Heavenly Peace, The (1995)",Documentary
708,"Nutty Professor, The (1996)",Comedy|Fantasy|Romance|Sci-Fi
709,"I, the Worst of All (Yo, la peor de todas) (1990)",Drama
710,"Unforgettable Summer, An (Un été inoubliable) (1994)",Drama
711,"Last Klezmer: Leopold Kozlowski, His Life and Music, The (1994)",Documentary
712,"Hungarian Fairy Tale, A (Hol volt, hol nem volt) (1987)",Fantasy
713,My Life and Times With Antonin Artaud (En compagnie d'Antonin Artaud) (1993),Drama
714,Midnight Dancers (Sibak) (1994),Comedy|Drama
715,"Old Lady Who Walked in the Sea, The (Vieille qui marchait dans la mer, La) (1991)",Comedy
716,Daylight (1996),Action|Adventure|Drama|Thriller
717,"Frighteners, The (1996)",Comedy|Horror|Thriller
718,Lone Star (1996),Drama|Mystery|Western
719,Harriet the Spy (1996),Children|Comedy
720,Phenomenon (1996),Drama|Romance
721,Walking and Talking (1996),Comedy|Drama|Romance
722,She's the One (1996),Comedy|Romance
723,"Time to Kill, A (1996)",Drama|Thriller
724,American Buffalo (1996),Crime|Drama
725,"Rendezvous in Paris (Rendez-vous de Paris, Les) (1995)",Comedy|Romance
726,Alaska (1996),Adventure|Children
727,Fled (1996),Action|Adventure
728,Kazaam (1996),Children|Comedy|Fantasy
729,Larger Than Life (1996),Comedy
730,Two Deaths (1995),Drama
731,"Very Brady Sequel, A (1996)",Comedy
732,Stefano Quantestorie (1993),Comedy|Drama
733,"Death in the Garden (Mort en ce jardin, La) (1956)",Drama
734,"Crude Oasis, The (1995)",Drama|Romance
735,"Collector, The (La collectionneuse) (1967)",Drama
736,Kaspar Hauser (1993),Drama|Mystery
737,"Convent, The (O Convento) (1995)",Drama
738,"Adventures of Pinocchio, The (1996)",Adventure|Children
739,Joe's Apartment (1996),Comedy|Fantasy|Musical
740,"First Wives Club, The (1996)",Comedy
741,Stonewall (1995),Drama
742,Ransom (1996),Crime|Thriller
743,High School High (1996),Comedy
744,Phat Beach (1996),Comedy
745,Foxfire (1996),Drama
746,Chain Reaction (1996),Action|Adventure|Thriller
747,Matilda (1996),Children|Comedy|Fantasy
748,Emma (1996),Comedy|Drama|Romance
749,"Crow: City of Angels, The (1996)",Action|Thriller
750,House Arrest (1996),Children|Comedy
751,"Eyes Without a Face (Yeux sans visage, Les) (1959)",Horror
752,Tales from the Crypt Presents: Bordello of Blood (1996),Comedy|Horror
753,Lotto Land (1995),Drama
754,"Story of Xinghua, The (Xinghua san yue tian) (1994)",Drama
755,"Day the Sun Turned Cold, The (Tianguo niezi) (1994)",Drama
756,Flirt (1995),Drama
757,"Big Squeeze, The (1996)",Comedy|Drama
758,"Spitfire Grill, The (1996)",Drama
759,Escape from L.A. (1996),Action|Adventure|Sci-Fi|Thriller
760,Cyclo (Xich lo) (1995),Crime|Drama
761,Basquiat (1996),Drama
762,Tin Cup (1996),Comedy|Drama|Romance
763,Dingo (1991),Drama
764,"Ballad of Narayama, The (Narayama Bushiko) (1958)",Drama
765,Mille bolle blu (1993),Comedy
766,"Godfather, The (1972)",Crime|Drama
767,"Maybe, Maybe Not (Bewegte Mann, Der) (1994)",Comedy
768,Supercop (Police Story 3: Supercop) (Jing cha gu shi III: Chao ji jing cha) (1992),Action|Comedy|Crime|Thriller
769,Manny & Lo (1996),Drama
770,"Wife, The (1995)",Comedy|Drama
771,Small Faces (1996),Drama
772,Bound (1996),Crime|Drama|Romance|Thriller
773,Carpool (1996),Comedy|Crime
774,Death in Brunswick (1991),Comedy
775,Kansas City (1996),Crime|Drama|Musical|Thriller
776,Gone Fishin' (1997),Comedy
777,Lover's Knot (1996),Comedy
778,Vive L'Amour (Ai qing wan sui) (1994),Drama
779,Killer: A Journal of Murder (1995),Crime|Drama
780,Nothing to Lose (1994),Action|Crime|Drama
781,Supercop 2 (Project S) (Chao ji ji hua) (1993),Action|Comedy|Crime|Thriller
782,Girls Town (1996),Comedy|Drama
783,"Relic, The (1997)",Horror|Thriller
784,"Island of Dr. Moreau, The (1996)",Sci-Fi|Thriller
785,First Kid (1996),Children|Comedy
786,"Trigger Effect, The (1996)",Drama|Thriller
787,Sweet Nothing (1996),Drama
788,Bogus (1996),Children|Drama|Fantasy
789,Bulletproof (1996),Action|Comedy|Crime
790,Land Before Time III: The Time of the Great Giving (1995),Adventure|Animation|Children|Musical
791,1-900 (06) (1994),Drama|Romance
792,Halloween: The Curse of Michael Myers (Halloween 6: The Curse of Michael Myers) (1995),Horror|Thriller
793,Twelfth Night (1996),Comedy|Drama|Romance
794,Mother Night (1996),Drama
795,Venice/Venice (1992),Drama
796,Wild Reeds (Les roseaux sauvages) (1994),Drama
797,For Whom the Bell Tolls (1943),Adventure|Drama|Romance|War
798,"Philadelphia Story, The (1940)",Comedy|Drama|Romance
799,Singin' in the Rain (1952),Comedy|Musical|Romance
800,"American in Paris, An (1951)",Musical|Romance
801,Funny Face (1957),Comedy|Musical
802,Breakfast at Tiffany's (1961),Drama|Romance
803,Vertigo (1958),Drama|Mystery|Romance|Thriller
804,Rear Window (1954),Mystery|Thriller
805,It Happened One Night (1934),Comedy|Romance
806,Gaslight (1944),Drama|Thriller
807,"Gay Divorcee, The (1934)",Comedy|Musical|Romance
808,North by Northwest (1959),Action|Adventure|Mystery|Romance|Thriller
809,"Apartment, The (1960)",Comedy|Drama|Romance
810,Some Like It Hot (1959),Comedy|Crime
811,Charade (1963),Comedy|Crime|Mystery|Romance|Thriller
812,Casablanca (1942),Drama|Romance
813,"Maltese Falcon, The (1941)",Film-Noir|Mystery
814,My Fair Lady (1964),Comedy|Drama|Musical|Romance
815,Sabrina (1954),Comedy|Romance
816,Roman Holiday (1953),Comedy|Drama|Romance
817,"Little Princess, The (1939)",Children|Drama
818,Meet Me in St. Louis (1944),Musical
819,"Wizard of Oz, The (1939)",Adventure|Children|Fantasy|Musical
820,Gone with the Wind (1939),Drama|Romance|War
821,My Favorite Year (1982),Comedy
822,Sunset Blvd. (a.k.a. Sunset Boulevard) (1950),Drama|Film-Noir|Romance
823,Citizen Kane (1941),Drama|Mystery
824,2001: A Space Odyssey (1968),Adventure|Drama|Sci-Fi
825,Golden Earrings (1947),Adventure|Romance|War
826,All About Eve (1950),Drama
827,"Women, The (1939)",Comedy
828,Rebecca (1940),Drama|Mystery|Romance|Thriller
829,Foreign Correspondent (1940),Drama|Film-Noir|Mystery|Thriller
830,Notorious (1946),Film-Noir|Romance|Thriller
831,Spellbound (1945),Mystery|Romance|Thriller
832,"Affair to Remember, An (1957)",Drama|Romance
833,To Catch a Thief (1955),Crime|Mystery|Romance|Thriller
834,Father of the Bride (1950),Comedy
835,"Band Wagon, The (1953)",Comedy|Musical
836,Ninotchka (1939),Comedy|Romance
837,Love in the Afternoon (1957),Comedy|Romance
838,Gigi (1958),Musical
839,"Reluctant Debutante, The (1958)",Comedy|Drama
840,"Adventures of Robin Hood, The (1938)",Action|Adventure|Romance
841,"Mark of Zorro, The (1940)",Adventure
842,Laura (1944),Crime|Film-Noir|Mystery
843,"Ghost and Mrs. Muir, The (1947)",Drama|Fantasy|Romance
844,Lost Horizon (1937),Drama
845,Top Hat (1935),Comedy|Musical|Romance
846,To Be or Not to Be (1942),Comedy|Drama|War
847,My Man Godfrey (1936),Comedy|Romance
848,Giant (1956),Drama|Romance|Western
849,East of Eden (1955),Drama
850,"Thin Man, The (1934)",Comedy|Crime
851,His Girl Friday (1940),Comedy|Romance
852,Around the World in 80 Days (1956),Adventure|Comedy
853,It's a Wonderful Life (1946),Drama|Fantasy|Romance
854,Mr. Smith Goes to Washington (1939),Drama
855,Bringing Up Baby (1938),Comedy|Romance
856,Penny Serenade (1941),Drama|Romance
857,"Scarlet Letter, The (1926)",Drama
858,Lady of Burlesque (1943),Comedy|Mystery
859,Of Human Bondage (1934),Drama
860,Angel on My Shoulder (1946),Crime|Drama
861,Little Lord Fauntleroy (1936),Drama
862,They Made Me a Criminal (I Became a Criminal) (They Made Me a Fugitive) (1939),Crime|Drama
863,"Inspector General, The (1949)",Musical
864,Angel and the Badman (1947),Romance|Western
865,"39 Steps, The (1935)",Drama|Mystery|Thriller
866,"Walk in the Sun, A (1945)",War
867,"Outlaw, The (1943)",Western
868,Night of the Living Dead (1968),Horror|Sci-Fi|Thriller
869,"African Queen, The (1951)",Adventure|Comedy|Romance|War
870,Beat the Devil (1953),Adventure|Comedy|Crime|Drama|Romance
871,Cat on a Hot Tin Roof (1958),Drama
872,"Last Time I Saw Paris, The (1954)",Drama
873,Meet John Doe (1941),Comedy|Drama
874,Algiers (1938),Drama|Romance
875,"Farewell to Arms, A (1932)",Romance|War
876,"Yes, Madam (a.k.a. Police Assassins) (a.k.a. In the Line of Duty 2) (Huang gu shi jie) (1985)",Action
877,Dangerous Ground (1997),Drama
878,Picnic (1955),Drama
879,"Pompatus of Love, The (1996)",Comedy|Drama
880,Small Wonders (1995),Documentary
881,Fly Away Home (1996),Adventure|Children
882,Bliss (1997),Drama|Romance
883,Grace of My Heart (1996),Comedy|Drama
884,Brother of Sleep (Schlafes Bruder) (1995),Drama
885,Maximum Risk (1996),Action|Adventure|Thriller
886,Michael Collins (1996),Drama
887,"Rich Man's Wife, The (1996)",Thriller
888,Infinity (1996),Drama
889,Big Night (1996),Comedy|Drama
890,Last Man Standing (1996),Action|Crime|Drama|Thriller
891,Caught (1996),Drama|Thriller
892,Set It Off (1996),Action|Crime
893,2 Days in the Valley (1996),Crime|Film-Noir
894,Curdled (1996),Crime
895,Ed's Next Move (1996),Comedy|Romance
896,Extreme Measures (1996),Drama|Thriller
897,"Glimmer Man, The (1996)",Action|Thriller
898,D3: The Mighty Ducks (1996),Children|Comedy
899,"Chamber, The (1996)",Drama
900,"Apple Dumpling Gang, The (1975)",Children|Comedy|Western
901,"Davy Crockett, King of the Wild Frontier (1955)",Adventure|Western
902,Escape to Witch Mountain (1975),Adventure|Children|Fantasy
903,"Love Bug, The (1969)",Children|Comedy
904,Herbie Rides Again (1974),Adventure|Children|Comedy
905,Old Yeller (1957),Children|Drama
906,"Parent Trap, The (1961)",Children|Comedy|Romance
907,Pollyanna (1960),Children|Comedy|Drama
908,Homeward Bound: The Incredible Journey (1993),Adventure|Children|Drama
909,"Shaggy Dog, The (1959)",Children|Comedy
910,Swiss Family Robinson (1960),Adventure|Children
911,That Darn Cat! (1965),Children|Comedy|Mystery
912,"20,000 Leagues Under the Sea (1954)",Adventure|Drama|Sci-Fi
913,Cool Runnings (1993),Comedy
914,Angels in the Outfield (1994),Children|Comedy
915,Cinderella (1950),Animation|Children|Fantasy|Musical|Romance
916,Winnie the Pooh and the Blustery Day (1968),Animation|Children|Musical
917,"Three Caballeros, The (1945)",Animation|Children|Musical
918,"Sword in the Stone, The (1963)",Animation|Children|Fantasy|Musical
919,So Dear to My Heart (1949),Children|Drama
920,Robin Hood: Prince of Thieves (1991),Adventure|Drama
921,Mary Poppins (1964),Children|Comedy|Fantasy|Musical
922,Dumbo (1941),Animation|Children|Drama|Musical
923,Pete's Dragon (1977),Adventure|Animation|Children|Musical
924,Bedknobs and Broomsticks (1971),Adventure|Children|Musical
925,Alice in Wonderland (1951),Adventure|Animation|Children|Fantasy|Musical
926,"Fox and the Hound, The (1981)",Animation|Children|Drama
927,Freeway (1996),Comedy|Crime|Drama|Thriller
928,"Sound of Music, The (1965)",Musical|Romance
929,Die Hard (1988),Action|Crime|Thriller
930,"Lawnmower Man, The (1992)",Action|Horror|Sci-Fi|Thriller
931,Unhook the Stars (1996),Drama
932,Synthetic Pleasures (1995),Documentary
933,"Secret Agent, The (1996)",Drama
934,Secrets & Lies (1996),Drama
935,That Thing You Do! (1996),Comedy|Drama
936,To Gillian on Her 37th Birthday (1996),Drama|Romance
937,Surviving Picasso (1996),Drama
938,Love Is All There Is (1996),Comedy|Drama
939,Beautiful Thing (1996),Drama|Romance
940,"Long Kiss Goodnight, The (1996)",Action|Drama|Thriller
941,"Ghost and the Darkness, The (1996)",Action|Adventure
942,Looking for Richard (1996),Documentary|Drama
943,Trees Lounge (1996),Drama
944,Normal Life (1996),Crime|Drama|Romance
945,Get on the Bus (1996),Drama
946,Shadow Conspiracy (1997),Thriller
947,Jude (1996),Drama
948,Everyone Says I Love You (1996),Comedy|Musical|Romance
949,Bitter Sugar (Azúcar amarga) (1996),Drama
950,William Shakespeare's Romeo + Juliet (1996),Drama|Romance
951,Swingers (1996),Comedy|Drama
952,Sleepers (1996),Thriller
953,"Sunchaser, The (1996)",Drama
954,Johns (1996),Drama
955,Aladdin and the King of Thieves (1996),Animation|Children|Comedy|Fantasy|Musical|Romance
956,Shall We Dance (1937),Comedy|Musical|Romance
957,"Damsel in Distress, A (1937)",Comedy|Musical|Romance
958,Crossfire (1947),Crime|Film-Noir
959,"Murder, My Sweet (1944)",Crime|Film-Noir|Thriller
960,Macao (1952),Adventure
961,For the Moment (1994),Romance|War
962,Willy Wonka & the Chocolate Factory (1971),Children|Comedy|Fantasy|Musical
963,"Sexual Life of the Belgians, The (Vie sexuelle des Belges 1950-1978, La) (1994)",Comedy|Romance
964,"Innocents, The (1961)",Drama|Horror|Thriller
965,Sleeper (1973),Comedy|Sci-Fi
966,Bananas (1971),Comedy|War
967,"Fish Called Wanda, A (1988)",Comedy|Crime
968,Monty Python's Life of Brian (1979),Comedy
969,Victor/Victoria (1982),Comedy|Musical|Romance
970,"Candidate, The (1972)",Drama
971,"Great Race, The (1965)",Comedy|Musical
972,Bonnie and Clyde (1967),Crime|Drama
973,"Old Man and the Sea, The (1958)",Adventure|Drama
974,Dial M for Murder (1954),Crime|Mystery|Thriller
975,Madame Butterfly (1995),Musical
976,Dirty Dancing (1987),Drama|Musical|Romance
977,Reservoir Dogs (1992),Crime|Mystery|Thriller
978,Platoon (1986),Drama|War
979,Weekend at Bernie's (1989),Comedy
980,Basic Instinct (1992),Crime|Mystery|Thriller
981,"Doors, The (1991)",Drama
982,"Crying Game, The (1992)",Drama|Romance|Thriller
983,Glengarry Glen Ross (1992),Drama
984,Sophie's Choice (1982),Drama
985,E.T. the Extra-Terrestrial (1982),Children|Drama|Sci-Fi
986,"Search for One-eye Jimmy, The (1996)",Comedy
987,"Christmas Carol, A (1938)",Children|Drama|Fantasy
988,Days of Thunder (1990),Action|Drama|Romance
989,Top Gun (1986),Action|Romance
990,American Strays (1996),Action
991,Rebel Without a Cause (1955),Drama
992,"Streetcar Named Desire, A (1951)",Drama
993,Children of the Corn IV: The Gathering (1996),Horror
994,Loser (1991),Comedy
995,Microcosmos (Microcosmos: Le peuple de l'herbe) (1996),Documentary
996,Palookaville (1996),Action|Comedy|Drama
997,"Associate, The (1996)",Comedy
998,"Funeral, The (1996)",Crime|Drama
999,"Single Girl, A (Fille seule, La) (1995)",Drama
